chrom	genomic_pos	strand	biotype	gene_id	planted_rate	truth_class
1	9967391	+	miRNA	ENSG00000265521	0.1688	shared
1	9967429	+	miRNA	ENSG00000265521	0.7499	shared
1	9967445	+	miRNA	ENSG00000265521	0.4837	shared
1	26006018	+	snoRNA	ENSG00000252190	0.8724	shared
1	26006068	+	snoRNA	ENSG00000252190	0.5202	shared
1	26006093	+	snoRNA	ENSG00000252190	0.5237	shared
1	27834406	+	snoRNA	ENSG00000252947	0.065	shared
1	27834418	+	snoRNA	ENSG00000252947	0.2023	shared
1	27834433	+	snoRNA	ENSG00000252947	0.0534	shared
1	55225645	+	miRNA	ENSG00000265822	0.6062	shared
1	55225684	+	miRNA	ENSG00000265822	0.6202	shared
1	55225685	+	miRNA	ENSG00000265822	0.1217	shared
1	75789504	+	snoRNA	ENSG00000201487	0.2265	shared
1	75789528	+	snoRNA	ENSG00000201487	0.2887	shared
1	84277406	+	snoRNA	ENSG00000199959	0.1025	shared
1	84277407	+	snoRNA	ENSG00000199959	0.5483	shared
1	84277435	+	snoRNA	ENSG00000199959	0.1631	shared
1	110272527	+	snoRNA	ENSG00000200536	0.9122	shared
1	110272572	+	snoRNA	ENSG00000200536	0.2271	shared
1	110272584	+	snoRNA	ENSG00000200536	0.7977	shared
1	154297657	+	snRNA	ENSG00000222457	0.2629	shared
1	154297666	+	snRNA	ENSG00000222457	0.7268	shared
1	154297704	+	snRNA	ENSG00000222457	0.8186	shared
1	155419415	+	snRNA	ENSG00000207144	0.1282	shared
1	155419453	+	snRNA	ENSG00000207144	0.9173	shared
1	155419492	+	snRNA	ENSG00000207144	0.4485	shared
1	168375532	+	miRNA	ENSG00000207974	0.2581	shared
1	168375562	+	miRNA	ENSG00000207974	0.5161	shared
1	168375589	+	miRNA	ENSG00000207974	0.2245	shared
1	176217568	+	snRNA	ENSG00000273629	0.8351	shared
1	176217598	+	snRNA	ENSG00000273629	0.3437	shared
1	199888162	+	snRNA	ENSG00000200139	0.6497	shared
1	199888171	+	snRNA	ENSG00000200139	0.0784	shared
1	199888209	+	snRNA	ENSG00000200139	0.5062	shared
1	202003187	+	miRNA	ENSG00000275207	0.3044	shared
1	202003229	+	miRNA	ENSG00000275207	0.1143	shared
1	202003234	+	miRNA	ENSG00000275207	0.4558	shared
1	212352874	+	snoRNA	ENSG00000201544	0.7979	shared
1	212352914	+	snoRNA	ENSG00000201544	0.339	shared
1	212352920	+	snoRNA	ENSG00000201544	0.8922	shared
1	228555845	+	rRNA	ENSG00000202056	0.7428	shared
1	228555876	+	rRNA	ENSG00000202056	0.5984	shared
1	228555900	+	rRNA	ENSG00000202056	0.5505	shared
1	243346185	+	miRNA	ENSG00000265201	0.7046	shared
1	243346193	+	miRNA	ENSG00000265201	0.1826	shared
1	243346234	+	miRNA	ENSG00000265201	0.8072	shared
10	28652656	+	snRNA	ENSG00000252401	0.9099	shared
10	28652693	+	snRNA	ENSG00000252401	0.5258	shared
10	28652718	+	snRNA	ENSG00000252401	0.7157	shared
10	28667935	+	snRNA	ENSG00000207483	0.1166	shared
10	28667943	+	snRNA	ENSG00000207483	0.5249	shared
10	28667992	+	snRNA	ENSG00000207483	0.8147	shared
10	31259604	+	rRNA	ENSG00000252479	0.5478	shared
10	31259607	+	rRNA	ENSG00000252479	0.1039	shared
10	31259668	+	rRNA	ENSG00000252479	0.5583	shared
10	34926791	+	snRNA	ENSG00000223047	0.3362	shared
10	34926816	+	snRNA	ENSG00000223047	0.4929	shared
10	34926842	+	snRNA	ENSG00000223047	0.8593	shared
10	35135468	+	snRNA	ENSG00000253054	0.7506	shared
10	35135498	+	snRNA	ENSG00000253054	0.0711	shared
10	35135500	+	snRNA	ENSG00000253054	0.7108	shared
10	68755198	+	snoRNA	ENSG00000283551	0.0567	shared
10	68755212	+	snoRNA	ENSG00000283551	0.2947	shared
10	68755231	+	snoRNA	ENSG00000283551	0.5314	shared
10	84003362	+	snRNA	ENSG00000200789	0.6448	shared
10	84003423	+	snRNA	ENSG00000200789	0.3584	shared
10	84003430	+	snRNA	ENSG00000200789	0.3739	shared
10	86052491	+	rRNA	ENSG00000200487	0.1586	shared
10	86052542	+	rRNA	ENSG00000200487	0.2279	shared
10	86052558	+	rRNA	ENSG00000200487	0.2743	shared
10	112299619	+	miRNA	ENSG00000276857	0.5275	shared
10	112299625	+	miRNA	ENSG00000276857	0.6946	shared
10	112299675	+	miRNA	ENSG00000276857	0.8754	shared
11	3922631	+	snoRNA	ENSG00000206976	0.072	shared
11	3922674	+	snoRNA	ENSG00000206976	0.2177	shared
11	3922689	+	snoRNA	ENSG00000206976	0.5551	shared
11	118910731	+	miRNA	ENSG00000264211	0.7162	shared
11	118910760	+	miRNA	ENSG00000264211	0.2831	shared
11	118910776	+	miRNA	ENSG00000264211	0.6516	shared
11	119656377	+	snRNA	ENSG00000199217	0.8617	shared
11	119656403	+	snRNA	ENSG00000199217	0.4008	shared
11	119656406	+	snRNA	ENSG00000199217	0.5534	shared
12	7118803	+	snRNA	ENSG00000200345	0.9482	shared
12	7118809	+	snRNA	ENSG00000200345	0.8666	shared
12	7118846	+	snRNA	ENSG00000200345	0.7844	shared
12	34205737	+	rRNA	ENSG00000272435	0.6212	shared
12	34205755	+	rRNA	ENSG00000272435	0.4484	shared
12	34205765	+	rRNA	ENSG00000272435	0.8396	shared
12	49593107	+	snRNA	ENSG00000199237	0.1076	shared
12	49593154	+	snRNA	ENSG00000199237	0.1314	shared
12	49593187	+	snRNA	ENSG00000199237	0.6481	shared
12	56861379	+	snoRNA	ENSG00000212383	0.2066	shared
12	56861491	+	snoRNA	ENSG00000212383	0.2482	shared
12	56861496	+	snoRNA	ENSG00000212383	0.818	shared
12	66066230	+	rRNA	ENSG00000251857	0.259	shared
12	66066309	+	rRNA	ENSG00000251857	0.5161	shared
12	66066330	+	rRNA	ENSG00000251857	0.2076	shared
12	94561817	+	miRNA	ENSG00000266099	0.3298	shared
12	94561824	+	miRNA	ENSG00000266099	0.7183	shared
12	94561829	+	miRNA	ENSG00000266099	0.8198	shared
12	94834398	+	miRNA	ENSG00000283998	0.2483	shared
12	94834435	+	miRNA	ENSG00000283998	0.9441	shared
12	94834480	+	miRNA	ENSG00000283998	0.2162	shared
12	103930445	+	miRNA	ENSG00000284503	0.1326	shared
12	103930475	+	miRNA	ENSG00000284503	0.376	shared
12	103930483	+	miRNA	ENSG00000284503	0.3001	shared
12	118829683	+	rRNA	ENSG00000199809	0.097	shared
12	118829732	+	rRNA	ENSG00000199809	0.7014	shared
12	118829737	+	rRNA	ENSG00000199809	0.2353	shared
12	120723249	+	miRNA	ENSG00000284143	0.3221	shared
12	120723251	+	miRNA	ENSG00000284143	0.7478	shared
12	120723261	+	miRNA	ENSG00000284143	0.6788	shared
13	19088496	+	rRNA	ENSG00000252287	0.7115	shared
13	19088501	+	rRNA	ENSG00000252287	0.3214	shared
13	19088545	+	rRNA	ENSG00000252287	0.6259	shared
13	60613617	+	rRNA	ENSG00000223076	0.402	shared
13	60613651	+	rRNA	ENSG00000223076	0.8447	shared
13	60613653	+	rRNA	ENSG00000223076	0.2472	shared
13	70459477	+	snRNA	ENSG00000202433	0.3283	shared
13	70459482	+	snRNA	ENSG00000202433	0.7953	shared
13	70459540	+	snRNA	ENSG00000202433	0.8195	shared
13	81265801	+	snRNA	ENSG00000222486	0.5236	shared
13	81265809	+	snRNA	ENSG00000222486	0.614	shared
13	81265812	+	snRNA	ENSG00000222486	0.6869	shared
13	89837202	+	snoRNA	ENSG00000200733	0.8176	shared
13	89837221	+	snoRNA	ENSG00000200733	0.5093	shared
13	99643062	+	miRNA	ENSG00000263615	0.3723	shared
13	99643065	+	miRNA	ENSG00000263615	0.2669	shared
13	99643073	+	miRNA	ENSG00000263615	0.4706	shared
14	16057553	+	rRNA	ENSG00000283274	0.6229	shared
14	16057566	+	rRNA	ENSG00000283274	0.5493	shared
14	16057594	+	rRNA	ENSG00000283274	0.0606	shared
14	18978860	+	snRNA	ENSG00000212612	0.853	shared
14	18978870	+	snRNA	ENSG00000212612	0.4623	shared
14	18978883	+	snRNA	ENSG00000212612	0.7866	shared
14	49684608	+	snRNA	ENSG00000221114	0.1629	shared
14	49684627	+	snRNA	ENSG00000221114	0.3433	shared
14	49684632	+	snRNA	ENSG00000221114	0.0756	shared
14	51244104	+	snoRNA	ENSG00000201376	0.8703	shared
14	51244134	+	snoRNA	ENSG00000201376	0.7877	shared
14	51244181	+	snoRNA	ENSG00000201376	0.0882	shared
14	73758803	+	miRNA	ENSG00000264741	0.1939	shared
14	73758811	+	miRNA	ENSG00000264741	0.2069	shared
14	73758813	+	miRNA	ENSG00000264741	0.8078	shared
14	100911163	+	miRNA	ENSG00000199005	0.3778	shared
14	100911179	+	miRNA	ENSG00000199005	0.7049	shared
14	100911188	+	miRNA	ENSG00000199005	0.9115	shared
14	100938240	+	snoRNA	ENSG00000272474	0.6219	shared
14	100938252	+	snoRNA	ENSG00000272474	0.7715	shared
14	100938261	+	snoRNA	ENSG00000272474	0.5931	shared
14	100939561	+	snoRNA	ENSG00000200215	0.0919	shared
14	100939609	+	snoRNA	ENSG00000200215	0.7924	shared
14	100939612	+	snoRNA	ENSG00000200215	0.6197	shared
14	100943503	+	snoRNA	ENSG00000200367	0.4293	shared
14	100943521	+	snoRNA	ENSG00000200367	0.8798	shared
14	100943522	+	snoRNA	ENSG00000200367	0.3522	shared
14	100953363	+	snoRNA	ENSG00000201839	0.8174	shared
14	100953382	+	snoRNA	ENSG00000201839	0.6721	shared
14	100953420	+	snoRNA	ENSG00000201839	0.1269	shared
14	100954378	+	snoRNA	ENSG00000200832	0.4366	shared
14	100954407	+	snoRNA	ENSG00000200832	0.0772	shared
14	100969884	+	snoRNA	ENSG00000201247	0.6436	shared
14	100969912	+	snoRNA	ENSG00000201247	0.6559	shared
14	100969942	+	snoRNA	ENSG00000201247	0.2123	shared
14	101026789	+	miRNA	ENSG00000207761	0.9243	shared
14	101026805	+	miRNA	ENSG00000207761	0.0974	shared
14	101026850	+	miRNA	ENSG00000207761	0.0836	shared
14	101056278	+	miRNA	ENSG00000208004	0.3177	shared
14	101056282	+	miRNA	ENSG00000208004	0.8599	shared
14	101056286	+	miRNA	ENSG00000208004	0.6091	shared
14	101065455	+	miRNA	ENSG00000199012	0.3188	shared
14	101065473	+	miRNA	ENSG00000199012	0.6366	shared
14	101065529	+	miRNA	ENSG00000199012	0.2283	shared
15	24985156	+	snoRNA	ENSG00000276610	0.7643	shared
15	24985165	+	snoRNA	ENSG00000276610	0.1841	shared
15	24986949	+	snoRNA	ENSG00000239014	0.5711	shared
15	24986975	+	snoRNA	ENSG00000239014	0.9383	shared
15	24986978	+	snoRNA	ENSG00000239014	0.8479	shared
15	25250875	+	snoRNA	ENSG00000202261	0.3467	shared
15	25250876	+	snoRNA	ENSG00000202261	0.3582	shared
15	25250930	+	snoRNA	ENSG00000202261	0.2299	shared
15	53652013	+	snRNA	ENSG00000252066	0.1931	shared
15	53652026	+	snRNA	ENSG00000252066	0.1794	shared
15	53652123	+	snRNA	ENSG00000252066	0.6144	shared
15	60736783	+	rRNA	ENSG00000212625	0.8092	shared
15	60736785	+	rRNA	ENSG00000212625	0.8627	shared
15	60736846	+	rRNA	ENSG00000212625	0.3488	shared
15	64342579	+	snoRNA	ENSG00000252774	0.7777	shared
15	64342611	+	snoRNA	ENSG00000252774	0.935	shared
15	64342631	+	snoRNA	ENSG00000252774	0.2218	shared
15	79209806	+	miRNA	ENSG00000207695	0.9082	shared
15	79209808	+	miRNA	ENSG00000207695	0.1089	shared
15	79209818	+	miRNA	ENSG00000207695	0.6277	shared
15	85825637	+	miRNA	ENSG00000264406	0.3315	shared
15	85825684	+	miRNA	ENSG00000264406	0.6946	shared
15	85825713	+	miRNA	ENSG00000264406	0.7315	shared
15	89120783	+	snRNA	ENSG00000239151	0.6922	shared
15	89120810	+	snRNA	ENSG00000239151	0.3085	shared
15	89120836	+	snRNA	ENSG00000239151	0.0632	shared
16	1735003	+	miRNA	ENSG00000265820	0.7765	shared
16	1735016	+	miRNA	ENSG00000265820	0.3165	shared
16	1735042	+	miRNA	ENSG00000265820	0.3353	shared
16	2463972	+	miRNA	ENSG00000274805	0.6545	shared
16	2464008	+	miRNA	ENSG00000274805	0.9148	shared
16	2464036	+	miRNA	ENSG00000274805	0.3803	shared
16	3069526	+	snRNA	ENSG00000252561	0.3929	shared
16	3069547	+	snRNA	ENSG00000252561	0.4051	shared
16	3069612	+	snRNA	ENSG00000252561	0.6757	shared
16	27863256	+	snRNA	ENSG00000212382	0.8179	shared
16	27863273	+	snRNA	ENSG00000212382	0.0694	shared
16	27863310	+	snRNA	ENSG00000212382	0.6658	shared
16	35734393	+	rRNA	ENSG00000251915	0.8641	shared
16	35734447	+	rRNA	ENSG00000251915	0.671	shared
16	35734448	+	rRNA	ENSG00000251915	0.3068	shared
16	35734687	+	rRNA	ENSG00000222207	0.0784	shared
16	35734721	+	rRNA	ENSG00000222207	0.1425	shared
16	35734747	+	rRNA	ENSG00000222207	0.6323	shared
16	35747062	+	rRNA	ENSG00000252182	0.4233	shared
16	35747078	+	rRNA	ENSG00000252182	0.9305	shared
16	35747132	+	rRNA	ENSG00000252182	0.4318	shared
16	35748534	+	rRNA	ENSG00000274228	0.6176	shared
16	35748564	+	rRNA	ENSG00000274228	0.5171	shared
16	35748628	+	rRNA	ENSG00000274228	0.2156	shared
16	35751622	+	rRNA	ENSG00000252647	0.4318	shared
16	35751643	+	rRNA	ENSG00000252647	0.2398	shared
16	35751657	+	rRNA	ENSG00000252647	0.507	shared
16	35751829	+	rRNA	ENSG00000252268	0.7305	shared
16	35751884	+	rRNA	ENSG00000252268	0.5462	shared
16	35751889	+	rRNA	ENSG00000252268	0.5322	shared
16	35755194	+	rRNA	ENSG00000252936	0.3223	shared
16	35755238	+	rRNA	ENSG00000252936	0.6148	shared
16	35755260	+	rRNA	ENSG00000252936	0.3144	shared
16	53334564	+	snoRNA	ENSG00000238645	0.3016	shared
16	53334601	+	snoRNA	ENSG00000238645	0.205	shared
16	53334641	+	snoRNA	ENSG00000238645	0.4833	shared
16	58496968	+	snRNA	ENSG00000200556	0.1336	shared
16	58497001	+	snRNA	ENSG00000200556	0.7265	shared
16	58497002	+	snRNA	ENSG00000200556	0.3736	shared
16	70529513	+	snoRNA	ENSG00000221514	0.2135	shared
16	70529543	+	snoRNA	ENSG00000221514	0.8269	shared
16	70529545	+	snoRNA	ENSG00000221514	0.91	shared
16	81385065	+	miRNA	ENSG00000284473	0.6283	shared
16	81385076	+	miRNA	ENSG00000284473	0.3125	shared
16	81385086	+	miRNA	ENSG00000284473	0.7709	shared
16	81533905	+	miRNA	ENSG00000277255	0.2627	shared
16	81533933	+	miRNA	ENSG00000277255	0.6376	shared
16	81533941	+	miRNA	ENSG00000277255	0.589	shared
16	89561446	+	snoRNA	ENSG00000200084	0.3811	shared
16	89561477	+	snoRNA	ENSG00000200084	0.7027	shared
16	89561509	+	snoRNA	ENSG00000200084	0.1396	shared
17	7574723	+	snoRNA	ENSG00000209582	0.3148	shared
17	7574736	+	snoRNA	ENSG00000209582	0.5821	shared
17	7574791	+	snoRNA	ENSG00000209582	0.4163	shared
17	19557222	+	snoRNA	ENSG00000266079	0.122	shared
17	19557253	+	snoRNA	ENSG00000266079	0.5376	shared
17	19557787	+	snoRNA	ENSG00000266079	0.7373	shared
17	28018788	+	snoRNA	ENSG00000251818	0.5248	shared
17	28018843	+	snoRNA	ENSG00000251818	0.7913	shared
17	28018883	+	snoRNA	ENSG00000251818	0.4577	shared
17	31575466	+	miRNA	ENSG00000283978	0.8028	shared
17	31575515	+	miRNA	ENSG00000283978	0.8031	shared
17	31575518	+	miRNA	ENSG00000283978	0.1245	shared
17	31713754	+	snRNA	ENSG00000202026	0.1701	shared
17	31713758	+	snRNA	ENSG00000202026	0.8715	shared
17	31713760	+	snRNA	ENSG00000202026	0.7249	shared
17	59841269	+	miRNA	ENSG00000284190	0.1446	shared
17	59841306	+	miRNA	ENSG00000284190	0.2002	shared
17	59841311	+	miRNA	ENSG00000284190	0.839	shared
17	66639278	+	rRNA	ENSG00000251698	0.5262	shared
17	66639287	+	rRNA	ENSG00000251698	0.2513	shared
17	66639370	+	rRNA	ENSG00000251698	0.4227	shared
17	66895499	+	rRNA	ENSG00000251764	0.1321	shared
17	66895518	+	rRNA	ENSG00000251764	0.5513	shared
17	66895537	+	rRNA	ENSG00000251764	0.8433	shared
17	67268145	+	rRNA	ENSG00000200619	0.4756	shared
17	67268200	+	rRNA	ENSG00000200619	0.2137	shared
17	67268213	+	rRNA	ENSG00000200619	0.7651	shared
17	67740696	+	snoRNA	ENSG00000200394	0.6915	shared
17	67740697	+	snoRNA	ENSG00000200394	0.1072	shared
17	67740795	+	snoRNA	ENSG00000200394	0.7502	shared
18	2555382	+	snoRNA	ENSG00000238575	0.3266	shared
18	2555404	+	snoRNA	ENSG00000238575	0.2537	shared
18	2555407	+	snoRNA	ENSG00000238575	0.9223	shared
18	3885360	+	miRNA	ENSG00000275518	0.8377	shared
18	3885370	+	miRNA	ENSG00000275518	0.1751	shared
18	3885429	+	miRNA	ENSG00000275518	0.5093	shared
18	30984116	+	snRNA	ENSG00000251702	0.5932	shared
18	30984144	+	snRNA	ENSG00000251702	0.4087	shared
18	30984150	+	snRNA	ENSG00000251702	0.8454	shared
18	37657139	+	miRNA	ENSG00000266530	0.779	shared
18	37657150	+	miRNA	ENSG00000266530	0.0884	shared
18	37657204	+	miRNA	ENSG00000266530	0.1621	shared
18	42270624	+	rRNA	ENSG00000253040	0.9064	shared
18	42270640	+	rRNA	ENSG00000253040	0.5401	shared
18	42270655	+	rRNA	ENSG00000253040	0.0521	shared
18	44071585	+	rRNA	ENSG00000202060	0.1184	shared
18	44071628	+	rRNA	ENSG00000202060	0.1034	shared
18	44071691	+	rRNA	ENSG00000202060	0.6611	shared
19	10230417	+	miRNA	ENSG00000264266	0.2819	shared
19	10230423	+	miRNA	ENSG00000264266	0.0867	shared
19	10230441	+	miRNA	ENSG00000264266	0.1845	shared
19	10552171	+	miRNA	ENSG00000221410	0.052	shared
19	10552177	+	miRNA	ENSG00000221410	0.0606	shared
19	10552196	+	miRNA	ENSG00000221410	0.3076	shared
19	10718431	+	miRNA	ENSG00000207972	0.405	shared
19	10718485	+	miRNA	ENSG00000207972	0.8084	shared
19	10718497	+	miRNA	ENSG00000207972	0.7233	shared
19	11113505	+	miRNA	ENSG00000284553	0.7745	shared
19	11113515	+	miRNA	ENSG00000284553	0.2642	shared
19	11113520	+	miRNA	ENSG00000284553	0.5474	shared
19	53688487	+	miRNA	ENSG00000221421	0.6975	shared
19	53688508	+	miRNA	ENSG00000221421	0.7055	shared
19	53688537	+	miRNA	ENSG00000221421	0.3421	shared
19	53690894	+	miRNA	ENSG00000207594	0.6048	shared
19	53690897	+	miRNA	ENSG00000207594	0.6372	shared
19	53690898	+	miRNA	ENSG00000207594	0.6847	shared
19	53712281	+	miRNA	ENSG00000207734	0.6383	shared
19	53712283	+	miRNA	ENSG00000207734	0.4104	shared
19	53712345	+	miRNA	ENSG00000207734	0.3582	shared
19	53716611	+	miRNA	ENSG00000207549	0.2269	shared
19	53716612	+	miRNA	ENSG00000207549	0.7354	shared
19	53716671	+	miRNA	ENSG00000207549	0.8999	shared
19	53742514	+	miRNA	ENSG00000207861	0.0589	shared
19	53742525	+	miRNA	ENSG00000207861	0.576	shared
19	53742545	+	miRNA	ENSG00000207861	0.8441	shared
19	55167234	+	snoRNA	ENSG00000239137	0.4195	shared
19	55167251	+	snoRNA	ENSG00000239137	0.7366	shared
19	55167269	+	snoRNA	ENSG00000239137	0.9079	shared
2	10744197	+	snRNA	ENSG00000239053	0.9438	shared
2	10744242	+	snRNA	ENSG00000239053	0.8263	shared
2	10744247	+	snRNA	ENSG00000239053	0.7126	shared
2	28683984	+	rRNA	ENSG00000222232	0.5728	shared
2	28683990	+	rRNA	ENSG00000222232	0.4661	shared
2	28684001	+	rRNA	ENSG00000222232	0.3163	shared
2	42440428	+	snoRNA	ENSG00000221300	0.8948	shared
2	42440435	+	snoRNA	ENSG00000221300	0.0525	shared
2	64525516	+	miRNA	ENSG00000283204	0.8495	shared
2	64525560	+	miRNA	ENSG00000283204	0.6054	shared
2	75090850	+	miRNA	ENSG00000263909	0.6318	shared
2	75090872	+	miRNA	ENSG00000263909	0.6034	shared
2	75090884	+	miRNA	ENSG00000263909	0.871	shared
2	75489651	+	snoRNA	ENSG00000238410	0.7861	shared
2	75489653	+	snoRNA	ENSG00000238410	0.1304	shared
2	75489656	+	snoRNA	ENSG00000238410	0.3937	shared
2	151368338	+	miRNA	ENSG00000264684	0.5055	shared
2	151368349	+	miRNA	ENSG00000264684	0.7213	shared
2	151368365	+	miRNA	ENSG00000264684	0.8912	shared
2	154590417	+	rRNA	ENSG00000223290	0.8303	shared
2	154590423	+	rRNA	ENSG00000223290	0.6023	shared
2	154590424	+	rRNA	ENSG00000223290	0.3513	shared
2	164858465	+	rRNA	ENSG00000199508	0.669	shared
2	164858475	+	rRNA	ENSG00000199508	0.429	shared
2	164858498	+	rRNA	ENSG00000199508	0.4022	shared
2	168582979	+	miRNA	ENSG00000265694	0.4712	shared
2	168582993	+	miRNA	ENSG00000265694	0.2323	shared
2	168582998	+	miRNA	ENSG00000265694	0.7497	shared
2	169727957	+	snoRNA	ENSG00000206961	0.4216	shared
2	169727968	+	snoRNA	ENSG00000206961	0.7407	shared
2	169727979	+	snoRNA	ENSG00000206961	0.4707	shared
2	176188855	+	miRNA	ENSG00000283880	0.7259	shared
2	176188862	+	miRNA	ENSG00000283880	0.5625	shared
2	176188886	+	miRNA	ENSG00000283880	0.3979	shared
2	188995678	+	miRNA	ENSG00000284180	0.363	shared
2	188995684	+	miRNA	ENSG00000284180	0.2171	shared
2	206161885	+	snoRNA	ENSG00000207047	0.3037	shared
2	206161907	+	snoRNA	ENSG00000207047	0.3521	shared
2	206161945	+	snoRNA	ENSG00000207047	0.6885	shared
2	227887677	+	snoRNA	ENSG00000272237	0.2314	shared
2	227887719	+	snoRNA	ENSG00000272237	0.7417	shared
2	227887728	+	snoRNA	ENSG00000272237	0.1474	shared
2	231362718	+	miRNA	ENSG00000263641	0.538	shared
2	231362725	+	miRNA	ENSG00000263641	0.8746	shared
2	231362747	+	miRNA	ENSG00000263641	0.592	shared
2	237510940	+	miRNA	ENSG00000277842	0.5009	shared
2	237510950	+	miRNA	ENSG00000277842	0.2507	shared
2	237510954	+	miRNA	ENSG00000277842	0.8772	shared
20	18433847	+	rRNA	ENSG00000252422	0.8696	shared
20	18433856	+	rRNA	ENSG00000252422	0.2337	shared
20	18433918	+	rRNA	ENSG00000252422	0.3891	shared
20	25611155	+	snRNA	ENSG00000251883	0.5254	shared
20	25611208	+	snRNA	ENSG00000251883	0.1552	shared
20	25611211	+	snRNA	ENSG00000251883	0.6691	shared
20	32050653	+	rRNA	ENSG00000212571	0.2111	shared
20	32050680	+	rRNA	ENSG00000212571	0.8973	shared
20	32050683	+	rRNA	ENSG00000212571	0.9441	shared
20	47873193	+	rRNA	ENSG00000251770	0.227	shared
20	47873205	+	rRNA	ENSG00000251770	0.9207	shared
20	47873225	+	rRNA	ENSG00000251770	0.3309	shared
20	49280341	+	snoRNA	ENSG00000222365	0.4506	shared
20	49280351	+	snoRNA	ENSG00000222365	0.4094	shared
20	49280406	+	snoRNA	ENSG00000222365	0.9454	shared
21	9907956	+	snoRNA	ENSG00000252199	0.5562	shared
21	9907959	+	snoRNA	ENSG00000252199	0.7328	shared
21	9907991	+	snoRNA	ENSG00000252199	0.199	shared
21	16590248	+	miRNA	ENSG00000207863	0.6302	shared
21	16590254	+	miRNA	ENSG00000207863	0.3421	shared
21	16590298	+	miRNA	ENSG00000207863	0.3054	shared
21	17431558	+	snRNA	ENSG00000252462	0.621	shared
21	17431562	+	snRNA	ENSG00000252462	0.7838	shared
21	17431602	+	snRNA	ENSG00000252462	0.0737	shared
21	32538328	+	snoRNA	ENSG00000252045	0.3351	shared
21	32538377	+	snoRNA	ENSG00000252045	0.7253	shared
21	32538417	+	snoRNA	ENSG00000252045	0.7291	shared
21	36851940	+	rRNA	ENSG00000199806	0.1297	shared
21	36851961	+	rRNA	ENSG00000199806	0.4042	shared
21	36852022	+	rRNA	ENSG00000199806	0.6529	shared
21	39447012	+	miRNA	ENSG00000275523	0.4171	shared
21	39447055	+	miRNA	ENSG00000275523	0.5733	shared
21	39447066	+	miRNA	ENSG00000275523	0.8128	shared
21	44439041	+	snoRNA	ENSG00000264452	0.2896	shared
21	44439052	+	snoRNA	ENSG00000264452	0.0732	shared
21	44439079	+	snoRNA	ENSG00000264452	0.5944	shared
22	20086070	+	miRNA	ENSG00000284464	0.7728	shared
22	20086073	+	miRNA	ENSG00000284464	0.3799	shared
22	20086080	+	miRNA	ENSG00000284464	0.0674	shared
22	20126482	+	snoRNA	ENSG00000264346	0.5964	shared
22	20126520	+	snoRNA	ENSG00000264346	0.8013	shared
22	20126522	+	snoRNA	ENSG00000264346	0.1219	shared
3	8931511	+	snoRNA	ENSG00000199815	0.3813	shared
3	8931548	+	snoRNA	ENSG00000199815	0.6351	shared
3	8931607	+	snoRNA	ENSG00000199815	0.5481	shared
3	10330232	+	miRNA	ENSG00000264534	0.5921	shared
3	10330263	+	miRNA	ENSG00000264534	0.9342	shared
3	15873809	+	miRNA	ENSG00000207815	0.6069	shared
3	15873840	+	miRNA	ENSG00000207815	0.1779	shared
3	15873847	+	miRNA	ENSG00000207815	0.9115	shared
3	50227465	+	miRNA	ENSG00000275334	0.2095	shared
3	50227468	+	miRNA	ENSG00000275334	0.6612	shared
3	50227477	+	miRNA	ENSG00000275334	0.1641	shared
3	63545442	+	rRNA	ENSG00000252301	0.4537	shared
3	63545445	+	rRNA	ENSG00000252301	0.3562	shared
3	63545474	+	rRNA	ENSG00000252301	0.3841	shared
3	68882980	+	rRNA	ENSG00000252828	0.5435	shared
3	68883000	+	rRNA	ENSG00000252828	0.2004	shared
3	68883056	+	rRNA	ENSG00000252828	0.3308	shared
3	70808355	+	snRNA	ENSG00000206939	0.1049	shared
3	70808385	+	snRNA	ENSG00000206939	0.8408	shared
3	70808411	+	snRNA	ENSG00000206939	0.3515	shared
3	73027835	+	snRNA	ENSG00000238959	0.6753	shared
3	73027861	+	snRNA	ENSG00000238959	0.4744	shared
3	73027869	+	snRNA	ENSG00000238959	0.7042	shared
3	90030293	+	snoRNA	ENSG00000212598	0.2522	shared
3	90030321	+	snoRNA	ENSG00000212598	0.5794	shared
3	90030396	+	snoRNA	ENSG00000212598	0.0926	shared
3	98908469	+	snRNA	ENSG00000207331	0.3428	shared
3	98908520	+	snRNA	ENSG00000207331	0.1787	shared
3	98908537	+	snRNA	ENSG00000207331	0.6333	shared
3	108574570	+	snoRNA	ENSG00000202379	0.2014	shared
3	108574637	+	snoRNA	ENSG00000202379	0.5526	shared
3	108574686	+	snoRNA	ENSG00000202379	0.0666	shared
3	129819801	+	snRNA	ENSG00000283509	0.6436	shared
3	129819815	+	snRNA	ENSG00000283509	0.4302	shared
3	129819848	+	snRNA	ENSG00000283509	0.5242	shared
3	176763240	+	rRNA	ENSG00000252302	0.3874	shared
3	176763288	+	rRNA	ENSG00000252302	0.4052	shared
3	176763323	+	rRNA	ENSG00000252302	0.8923	shared
3	186786677	+	snoRNA	ENSG00000221420	0.9354	shared
3	186786712	+	snoRNA	ENSG00000221420	0.4337	shared
3	186786776	+	snoRNA	ENSG00000221420	0.5297	shared
4	11368835	+	miRNA	ENSG00000207716	0.6043	shared
4	11368886	+	miRNA	ENSG00000207716	0.8283	shared
4	11368890	+	miRNA	ENSG00000207716	0.9057	shared
4	25250565	+	snRNA	ENSG00000278135	0.5174	shared
4	25250594	+	snRNA	ENSG00000278135	0.8909	shared
4	25250630	+	snRNA	ENSG00000278135	0.6004	shared
4	39936756	+	rRNA	ENSG00000252970	0.661	shared
4	39936808	+	rRNA	ENSG00000252970	0.5212	shared
4	39936854	+	rRNA	ENSG00000252970	0.5719	shared
4	40082989	+	snoRNA	ENSG00000201863	0.6398	shared
4	40083070	+	snoRNA	ENSG00000201863	0.5189	shared
4	40083085	+	snoRNA	ENSG00000201863	0.4922	shared
4	73026777	+	snRNA	ENSG00000210839	0.3344	shared
4	73026802	+	snRNA	ENSG00000210839	0.714	shared
4	73026822	+	snRNA	ENSG00000210839	0.461	shared
4	73263967	+	snoRNA	ENSG00000221639	0.6217	shared
4	73264035	+	snoRNA	ENSG00000221639	0.7805	shared
4	73264084	+	snoRNA	ENSG00000221639	0.5098	shared
4	105106039	+	snoRNA	ENSG00000252136	0.9458	shared
4	105106043	+	snoRNA	ENSG00000252136	0.3127	shared
4	105106051	+	snoRNA	ENSG00000252136	0.6128	shared
4	113152345	+	miRNA	ENSG00000275810	0.9409	shared
4	113152356	+	miRNA	ENSG00000275810	0.4876	shared
4	113152358	+	miRNA	ENSG00000275810	0.8681	shared
4	151300534	+	snRNA	ENSG00000252544	0.0687	shared
4	151300593	+	snRNA	ENSG00000252544	0.8767	shared
4	151300596	+	snRNA	ENSG00000252544	0.5246	shared
4	154787138	+	snRNA	ENSG00000222582	0.2897	shared
4	154787201	+	snRNA	ENSG00000222582	0.276	shared
4	154787278	+	snRNA	ENSG00000222582	0.2219	shared
4	164787326	+	snRNA	ENSG00000201050	0.4186	shared
4	164787351	+	snRNA	ENSG00000201050	0.3529	shared
4	164787370	+	snRNA	ENSG00000201050	0.3104	shared
4	182169347	+	miRNA	ENSG00000221227	0.4489	shared
4	182169368	+	miRNA	ENSG00000221227	0.8138	shared
4	182169378	+	miRNA	ENSG00000221227	0.2062	shared
5	9760924	+	rRNA	ENSG00000222054	0.4368	shared
5	9760925	+	rRNA	ENSG00000222054	0.7599	shared
5	9760949	+	rRNA	ENSG00000222054	0.9216	shared
5	40655011	+	snoRNA	ENSG00000199552	0.295	shared
5	40655047	+	snoRNA	ENSG00000199552	0.2788	shared
5	40655062	+	snoRNA	ENSG00000199552	0.2384	shared
5	68873985	+	snoRNA	ENSG00000212249	0.5696	shared
5	68874024	+	snoRNA	ENSG00000212249	0.156	shared
5	68874031	+	snoRNA	ENSG00000212249	0.5593	shared
5	69160809	+	snoRNA	ENSG00000280894	0.1334	shared
5	69160905	+	snoRNA	ENSG00000280894	0.1978	shared
5	69160909	+	snoRNA	ENSG00000280894	0.319	shared
5	119445729	+	rRNA	ENSG00000202092	0.8475	shared
5	119445733	+	rRNA	ENSG00000202092	0.9115	shared
5	119445772	+	rRNA	ENSG00000202092	0.2999	shared
5	134225773	+	miRNA	ENSG00000266751	0.3658	shared
5	134225775	+	miRNA	ENSG00000266751	0.1785	shared
5	134225796	+	miRNA	ENSG00000266751	0.1298	shared
5	138623520	+	snoRNA	ENSG00000238745	0.5156	shared
5	138623567	+	snoRNA	ENSG00000238745	0.1095	shared
5	138623577	+	snoRNA	ENSG00000238745	0.2135	shared
5	139447912	+	snRNA	ENSG00000200378	0.8373	shared
5	139447919	+	snRNA	ENSG00000200378	0.343	shared
5	139447921	+	snRNA	ENSG00000200378	0.8938	shared
5	181007339	+	snRNA	ENSG00000206686	0.1133	shared
5	181007345	+	snRNA	ENSG00000206686	0.8326	shared
5	181007375	+	snRNA	ENSG00000206686	0.8701	shared
6	14156473	+	snRNA	ENSG00000238987	0.551	shared
6	14156511	+	snRNA	ENSG00000238987	0.407	shared
6	14156519	+	snRNA	ENSG00000238987	0.5012	shared
6	24166273	+	snoRNA	ENSG00000251830	0.9203	shared
6	24166340	+	snoRNA	ENSG00000251830	0.6394	shared
6	24166345	+	snoRNA	ENSG00000251830	0.1323	shared
6	120686637	+	rRNA	ENSG00000200310	0.3492	shared
6	120686644	+	rRNA	ENSG00000200310	0.7334	shared
6	120686679	+	rRNA	ENSG00000200310	0.5815	shared
6	154853362	+	miRNA	ENSG00000264814	0.6668	shared
6	154853390	+	miRNA	ENSG00000264814	0.7231	shared
6	154853427	+	miRNA	ENSG00000264814	0.9195	shared
7	7906576	+	snRNA	ENSG00000201747	0.2605	shared
7	7906584	+	snRNA	ENSG00000201747	0.7647	shared
7	7906598	+	snRNA	ENSG00000201747	0.6478	shared
7	20377348	+	snoRNA	ENSG00000200753	0.6002	shared
7	20377356	+	snoRNA	ENSG00000200753	0.2709	shared
7	20377369	+	snoRNA	ENSG00000200753	0.2023	shared
7	79654126	+	rRNA	ENSG00000200786	0.2281	shared
7	79654134	+	rRNA	ENSG00000200786	0.2516	shared
7	79654206	+	rRNA	ENSG00000200786	0.3073	shared
7	98881654	+	miRNA	ENSG00000266019	0.6137	shared
7	98881668	+	miRNA	ENSG00000266019	0.6365	shared
7	98881677	+	miRNA	ENSG00000266019	0.369	shared
7	132753057	+	snoRNA	ENSG00000201009	0.5479	shared
7	132753067	+	snoRNA	ENSG00000201009	0.693	shared
7	132753084	+	snoRNA	ENSG00000201009	0.6249	shared
7	137287687	+	snoRNA	ENSG00000202023	0.4748	shared
7	137287709	+	snoRNA	ENSG00000202023	0.2365	shared
7	137287741	+	snoRNA	ENSG00000202023	0.2076	shared
7	152609314	+	snoRNA	ENSG00000212590	0.2181	shared
7	152609316	+	snoRNA	ENSG00000212590	0.4343	shared
7	152609430	+	snoRNA	ENSG00000212590	0.8832	shared
8	36764458	+	rRNA	ENSG00000199985	0.6861	shared
8	36764496	+	rRNA	ENSG00000199985	0.2209	shared
8	36764529	+	rRNA	ENSG00000199985	0.2174	shared
8	43378367	+	snoRNA	ENSG00000201329	0.8259	shared
8	43378398	+	snoRNA	ENSG00000201329	0.4075	shared
8	43378498	+	snoRNA	ENSG00000201329	0.6469	shared
8	51015128	+	snoRNA	ENSG00000201316	0.9128	shared
8	51015151	+	snoRNA	ENSG00000201316	0.6405	shared
8	51015158	+	snoRNA	ENSG00000201316	0.0992	shared
8	67099319	+	rRNA	ENSG00000252637	0.6265	shared
8	67099331	+	rRNA	ENSG00000252637	0.6358	shared
8	67099354	+	rRNA	ENSG00000252637	0.694	shared
8	80405534	+	snRNA	ENSG00000252884	0.8004	shared
8	80405570	+	snRNA	ENSG00000252884	0.0822	shared
8	80405589	+	snRNA	ENSG00000252884	0.8545	shared
8	93029751	+	miRNA	ENSG00000277063	0.4709	shared
8	93029779	+	miRNA	ENSG00000277063	0.1959	shared
8	127999193	+	snRNA	ENSG00000207110	0.6596	shared
8	127999203	+	snRNA	ENSG00000207110	0.7809	shared
8	127999227	+	snRNA	ENSG00000207110	0.4826	shared
9	19073853	+	snRNA	ENSG00000252943	0.2831	shared
9	19073859	+	snRNA	ENSG00000252943	0.4184	shared
9	19073884	+	snRNA	ENSG00000252943	0.9257	shared
9	32293567	+	rRNA	ENSG00000252313	0.8667	shared
9	32293571	+	rRNA	ENSG00000252313	0.0899	shared
9	32293675	+	rRNA	ENSG00000252313	0.5366	shared
9	93594877	+	miRNA	ENSG00000283146	0.4383	shared
9	93594892	+	miRNA	ENSG00000283146	0.1834	shared
9	106600944	+	miRNA	ENSG00000277889	0.8356	shared
9	106600971	+	miRNA	ENSG00000277889	0.6477	shared
9	106601017	+	miRNA	ENSG00000277889	0.6652	shared
9	112252263	+	rRNA	ENSG00000199525	0.507	shared
9	112252283	+	rRNA	ENSG00000199525	0.8372	shared
9	112252362	+	rRNA	ENSG00000199525	0.1181	shared
MT	591	+	tRNA	ENSG00000210049	0.113	shared
MT	630	+	tRNA	ENSG00000210049	0.2413	shared
MT	646	+	tRNA	ENSG00000210049	0.0948	shared
MT	1612	+	tRNA	ENSG00000210077	0.1423	shared
MT	1635	+	tRNA	ENSG00000210077	0.4732	shared
MT	1637	+	tRNA	ENSG00000210077	0.161	shared
MT	3263	+	tRNA	ENSG00000209082	0.4428	shared
MT	3270	+	tRNA	ENSG00000209082	0.2883	shared
MT	3295	+	tRNA	ENSG00000209082	0.3024	shared
MT	4426	+	tRNA	ENSG00000210112	0.5022	shared
MT	4456	+	tRNA	ENSG00000210112	0.9434	shared
MT	4457	+	tRNA	ENSG00000210112	0.3384	shared
MT	5530	+	tRNA	ENSG00000210117	0.1988	shared
MT	5551	+	tRNA	ENSG00000210117	0.8376	shared
MT	5554	+	tRNA	ENSG00000210117	0.0903	shared
MT	7539	+	tRNA	ENSG00000210154	0.7792	shared
MT	7574	+	tRNA	ENSG00000210154	0.3546	shared
MT	10013	+	tRNA	ENSG00000210164	0.7043	shared
MT	10022	+	tRNA	ENSG00000210164	0.771	shared
MT	10043	+	tRNA	ENSG00000210164	0.2329	shared
MT	10436	+	tRNA	ENSG00000210174	0.2846	shared
MT	10441	+	tRNA	ENSG00000210174	0.4193	shared
MT	12153	+	tRNA	ENSG00000210176	0.1447	shared
MT	12159	+	tRNA	ENSG00000210176	0.1634	shared
MT	12196	+	tRNA	ENSG00000210176	0.9433	shared
MT	12224	+	tRNA	ENSG00000210184	0.5696	shared
MT	12239	+	tRNA	ENSG00000210184	0.9076	shared
MT	12250	+	tRNA	ENSG00000210184	0.5947	shared
MT	12302	+	tRNA	ENSG00000210191	0.5164	shared
MT	12322	+	tRNA	ENSG00000210191	0.1935	shared
MT	12325	+	tRNA	ENSG00000210191	0.9057	shared
MT	15891	+	tRNA	ENSG00000210195	0.8415	shared
MT	15904	+	tRNA	ENSG00000210195	0.7828	shared
MT	15913	+	tRNA	ENSG00000210195	0.2914	shared
X	9133846	+	rRNA	ENSG00000200852	0.1943	shared
X	9133862	+	rRNA	ENSG00000200852	0.7271	shared
X	9133884	+	rRNA	ENSG00000200852	0.7375	shared
X	31348241	+	snRNA	ENSG00000252903	0.351	shared
X	31348258	+	snRNA	ENSG00000252903	0.4457	shared
X	31348267	+	snRNA	ENSG00000252903	0.4465	shared
X	39661274	+	miRNA	ENSG00000263730	0.8571	shared
X	39661309	+	miRNA	ENSG00000263730	0.0768	shared
X	39661314	+	miRNA	ENSG00000263730	0.9404	shared
X	46517798	+	snRNA	ENSG00000199226	0.3722	shared
X	46517851	+	snRNA	ENSG00000199226	0.541	shared
X	46517860	+	snRNA	ENSG00000199226	0.5545	shared
X	114651593	+	miRNA	ENSG00000222321	0.7715	shared
X	114651598	+	miRNA	ENSG00000222321	0.6363	shared
X	114651602	+	miRNA	ENSG00000222321	0.7043	shared
14	18978909	+	snRNA	ENSG00000212612	0.6245	discovery
14	101056285	+	miRNA	ENSG00000208004	0.1387	discovery
9	19073916	+	snRNA	ENSG00000252943	0.7601	discovery
8	36764470	+	rRNA	ENSG00000199985	0.7813	discovery
3	108574592	+	snoRNA	ENSG00000202379	0.2861	discovery
8	43378411	+	snoRNA	ENSG00000201329	0.3911	discovery
7	20377353	+	snoRNA	ENSG00000200753	0.0708	discovery
19	53716657	+	miRNA	ENSG00000207549	0.6959	discovery
11	3922649	+	snoRNA	ENSG00000206976	0.8621	discovery
4	39936828	+	rRNA	ENSG00000252970	0.1265	discovery
10	35135481	+	snRNA	ENSG00000253054	0.3149	discovery
1	84277393	+	snoRNA	ENSG00000199959	0.4018	discovery
12	66066256	+	rRNA	ENSG00000251857	0.4132	discovery
16	35734640	+	rRNA	ENSG00000222207	0.8143	discovery
17	66639377	+	rRNA	ENSG00000251698	0.2589	discovery
16	2464005	+	miRNA	ENSG00000274805	0.8845	discovery
17	19557442	+	snoRNA	ENSG00000266079	0.6331	discovery
3	108574607	+	snoRNA	ENSG00000202379	0.7229	discovery
12	103930476	+	miRNA	ENSG00000284503	0.0626	discovery
12	56861456	+	snoRNA	ENSG00000212383	0.7441	discovery
14	16057596	+	rRNA	ENSG00000283274	0.0844	discovery
1	27834432	+	snoRNA	ENSG00000252947	0.8074	discovery
2	169727930	+	snoRNA	ENSG00000206961	0.6348	discovery
16	53334621	+	snoRNA	ENSG00000238645	0.908	discovery
MT	12319	+	tRNA	ENSG00000210191	0.9153	discovery
15	79209799	+	miRNA	ENSG00000207695	0.813	discovery
14	18978944	+	snRNA	ENSG00000212612	0.7531	discovery
4	151300525	+	snRNA	ENSG00000252544	0.8565	discovery
16	35751858	+	rRNA	ENSG00000252268	0.443	discovery
11	118910759	+	miRNA	ENSG00000264211	0.3488	discovery
4	151300521	+	snRNA	ENSG00000252544	0.6544	discovery
5	40655007	+	snoRNA	ENSG00000199552	0.0884	discovery
3	98908462	+	snRNA	ENSG00000207331	0.8615	discovery
18	42270656	+	rRNA	ENSG00000253040	0.3899	discovery
8	127999154	+	snRNA	ENSG00000207110	0.3983	discovery
19	11113514	+	miRNA	ENSG00000284553	0.8151	discovery
2	75090834	+	miRNA	ENSG00000263909	0.3347	discovery
3	108574589	+	snoRNA	ENSG00000202379	0.4467	discovery
18	2555443	+	snoRNA	ENSG00000238575	0.483	discovery
1	84277327	+	snoRNA	ENSG00000199959	0.6427	discovery
3	90030297	+	snoRNA	ENSG00000212598	0.5343	discovery
17	67740673	+	snoRNA	ENSG00000200394	0.8426	discovery
12	94834458	+	miRNA	ENSG00000283998	0.4895	discovery
X	31348250	+	snRNA	ENSG00000252903	0.0896	discovery
3	8931583	+	snoRNA	ENSG00000199815	0.6316	discovery
4	39936788	+	rRNA	ENSG00000252970	0.1266	discovery
MT	15938	+	tRNA	ENSG00000210195	0.6701	discovery
2	75090907	+	miRNA	ENSG00000263909	0.3481	discovery
16	35748520	+	rRNA	ENSG00000274228	0.2727	discovery
17	28018892	+	snoRNA	ENSG00000251818	0.5161	discovery
1	27834504	+	snoRNA	ENSG00000252947	0.088	discovery
12	120723246	+	miRNA	ENSG00000284143	0.9221	discovery
16	81533914	+	miRNA	ENSG00000277255	0.7918	discovery
12	7118845	+	snRNA	ENSG00000200345	0.7882	discovery
4	40083073	+	snoRNA	ENSG00000201863	0.9472	discovery
12	103930552	+	miRNA	ENSG00000284503	0.3563	discovery
17	31713827	+	snRNA	ENSG00000202026	0.5385	discovery
5	69160815	+	snoRNA	ENSG00000280894	0.258	discovery
1	212352928	+	snoRNA	ENSG00000201544	0.4398	discovery
2	164858457	+	rRNA	ENSG00000199508	0.9335	discovery
7	7906574	+	snRNA	ENSG00000201747	0.2597	discovery
21	32538427	+	snoRNA	ENSG00000252045	0.2094	discovery
17	7574739	+	snoRNA	ENSG00000209582	0.6228	discovery
16	58496926	+	snRNA	ENSG00000200556	0.3888	discovery
3	50227476	+	miRNA	ENSG00000275334	0.8982	discovery
15	24985145	+	snoRNA	ENSG00000276610	0.6981	discovery
21	32538337	+	snoRNA	ENSG00000252045	0.411	discovery
16	3069628	+	snRNA	ENSG00000252561	0.8288	discovery
8	127999155	+	snRNA	ENSG00000207110	0.0839	discovery
14	73758780	+	miRNA	ENSG00000264741	0.0526	discovery
1	228555806	+	rRNA	ENSG00000202056	0.8	discovery
8	80405562	+	snRNA	ENSG00000252884	0.803	discovery
16	35734420	+	rRNA	ENSG00000251915	0.9092	discovery
15	85825706	+	miRNA	ENSG00000264406	0.5368	discovery
MT	5535	+	tRNA	ENSG00000210117	0.4297	discovery
10	84003378	+	snRNA	ENSG00000200789	0.6066	discovery
10	112299688	+	miRNA	ENSG00000276857	0.8078	discovery
2	164858470	+	rRNA	ENSG00000199508	0.1061	discovery
5	40655080	+	snoRNA	ENSG00000199552	0.4454	discovery
8	80405523	+	snRNA	ENSG00000252884	0.5708	discovery
15	89120840	+	snRNA	ENSG00000239151	0.5325	discovery
4	40083003	+	snoRNA	ENSG00000201863	0.4517	discovery
18	42270619	+	rRNA	ENSG00000253040	0.8299	discovery
2	169727946	+	snoRNA	ENSG00000206961	0.3712	discovery
5	69160883	+	snoRNA	ENSG00000280894	0.2906	discovery
19	10230429	+	miRNA	ENSG00000264266	0.296	discovery
2	164858546	+	rRNA	ENSG00000199508	0.9389	discovery
1	9967457	+	miRNA	ENSG00000265521	0.2934	discovery
4	11368883	+	miRNA	ENSG00000207716	0.2199	discovery
16	70529577	+	snoRNA	ENSG00000221514	0.7108	discovery
5	69160906	+	snoRNA	ENSG00000280894	0.8514	discovery
4	73026780	+	snRNA	ENSG00000210839	0.4673	discovery
12	120723194	+	miRNA	ENSG00000284143	0.0977	discovery
MT	15890	+	tRNA	ENSG00000210195	0.8653	discovery
1	199888235	+	snRNA	ENSG00000200139	0.3892	discovery
5	9760935	+	rRNA	ENSG00000222054	0.487	discovery
10	35135502	+	snRNA	ENSG00000253054	0.1965	discovery
21	16590304	+	miRNA	ENSG00000207863	0.2109	discovery
16	2463999	+	miRNA	ENSG00000274805	0.7907	discovery
7	152609367	+	snoRNA	ENSG00000212590	0.353	discovery
